{
  "logreg": {
    "best_params": {
      "clf__C": 10,
      "clf__penalty": "l2"
    },
    "cv_f1_mean": 0.9023534507108559,
    "test": {
      "acc": 0.8846153846153846,
      "f1": 0.8235294117647058,
      "prec": 0.7,
      "rec": 1.0,
      "auc": 0.9924812030075189,
      "cm": [
        [
          16,
          3
        ],
        [
          0,
          7
        ]
      ]
    }
  },
  "gb": {
    "best_params": {
      "clf__learning_rate": 0.05,
      "clf__max_depth": 2,
      "clf__n_estimators": 200
    },
    "cv_f1_mean": 0.8991748434725727,
    "test": {
      "acc": 0.8461538461538461,
      "f1": 0.7777777777777778,
      "auc": 1.0
    }
  }
}